Workbook

Sheet arrecadacao-cnae.csv
A1: Ano | B1: Mês | C1: Seção - Sigla | D1: Seção - Nome | E1: II | F1: IE | G1: IPI | H1: IRPF | I1: IRPJ | J1: IRRF | K1: IOF | L1: ITR | M1: Cofins | N1: Pis/Pasep | O1: CSLL | P1: Cide | Q1: Contribuição Previdenciária | R1: CPSSS | S1: Pagamento Unificado | T1: Outras Receitas Administradas | U1: Receitas Não Administradas | V1: Receita por categoria
A2: 2016 | B2: Jan | C2: A | D2: Agricultura, pecuária, prod. florestal, pesca e aqüicultura | E2: 2742218.4 | G2: 893858.53 | I2: 1.466679e+08 | J2: 49347430 | K2: 609206.8 | L2: 2222251.2 | M2: 37609113 | N2: 8484832.3 | O2: 77514368 | P2: 142078.76 | Q2: 8008290.3 | S2: 41971216 | T2: 3377850.7 | U2: 1511240.8 | V2: =SUM(D2:U2) -> 3.8110185e+08
A3: 2016 | B3: Jan | C3: B | D3: Indústrias extrativas | E3: 42899800 | G3: 24953913 | I3: 5.1645329e+08 | J3: 1.6343076e+08 | K3: 1230716.9 | L3: 2391927.4 | M3: 1.2269115e+08 | N3: 25694934 | O3: 2.1236763e+08 | P3: 13041969 | Q3: 11200043 | S3: 1.6098893e+08 | T3: 1448689.6 | U3: 6.1349393e+08 | V3: =SUM(D3:U3) -> 1.9122877e+09
A4: 2016 | B4: Jan | C4: C | D4: Indústrias de transformação | E4: 1.633818e+09 | F4: 1040859.4 | G4: 2.8497574e+09 | H4: 9117.98 | I4: 3.01067e+09 | J4: 3.3597124e+09 | K4: 1.0916979e+08 | L4: 630487.68 | M4: 6.0305433e+09 | N4: 1.2957353e+09 | O4: 1.3251593e+09 | P4: 6.236158e+08 | Q4: 6.4679553e+08 | R4: 1263.79 | S4: 1.9515655e+09 | T4: 95494214 | U4: 2.4530954e+09 | V4: =SUM(D4:U4) -> 2.5386814e+10
A5: 2016 | B5: Jan | C5: D | D5: Eletricidade e gás | E5: 5328420 | G5: 2175445.3 | I5: 9.9531011e+08 | J5: 5.4759006e+08 | K5: 12592106 | L5: 920472.99 | M5: 1.3528601e+09 | N5: 2.9810464e+08 | O5: 4.2564565e+08 | P5: 2746902.3 | Q5: 680414.86 | S5: 1.790255e+08 | T5: 865732.36 | U5: 1646606 | V5: =SUM(D5:U5) -> 3.8254921e+09
A6: 2016 | B6: Jan | C6: E | D6: Água, esgoto, ativ. de gestão de resíduos e descontaminação | E6: 354256.59 | G6: 1432422.1 | I6: 53338128 | J6: 1.5767095e+08 | K6: 532902.88 | L6: 6683 | M6: 2.2304528e+08 | N6: 56909464 | O6: 26390888 | P6: 73401.7 | Q6: 7286865.9 | S6: 59672186 | T6: 515722.66 | U6: 714449.1 | V6: =SUM(D6:U6) -> 5.879436e+08
A7: 2016 | B7: Jan | C7: F | D7: Construção | E7: 6708438.3 | F7: 1800.34 | G7: 8721875.3 | H7: 1331.86 | I7: 7.6715573e+08 | J7: 3.5979902e+08 | K7: 10881136 | L7: 458637.75 | M7: 5.5188119e+08 | N7: 1.2098352e+08 | O7: 4.2622503e+08 | P7: 3033644.1 | Q7: 2.9982402e+08 | R7: 12076.64 | S7: 5.721135e+08 | T7: 12357326 | U7: 16864795 | V7: =SUM(D7:U7) -> 3.1570231e+09
A8: 2016 | B8: Jan | C8: G | D8: Comércio; reparação de veículos automotores e motocicletas | E8: 1.0564002e+09 | F8: 491131.59 | G8: 8.6970277e+08 | H8: 15712.59 | I8: 2.3217215e+09 | J8: 1.3678164e+09 | K8: 7167852.7 | L8: 89055.07 | M8: 2.9177562e+09 | N8: 6.4278516e+08 | O8: 1.2842758e+09 | P8: 30306493 | Q8: 1.322745e+08 | S8: 3.5166416e+09 | T8: 94276861 | U8: 34201896 | V8: =SUM(D8:U8) -> 1.4275923e+10
A9: 2016 | B9: Jan | C9: H | D9: Transporte, armazenagem e correio | E9: 56100798 | G9: 10526693 | H9: 307.59 | I9: 8.3377973e+08 | J9: 6.12625e+08 | K9: 2475484.9 | L9: 49102.04 | M9: 6.3751029e+08 | N9: 1.3890502e+08 | O9: 3.7317434e+08 | P9: 10950780 | Q9: 2.8145633e+08 | R9: 49129.56 | S9: 4.8383206e+08 | T9: 15266710 | U9: 7219470.9 | V9: =SUM(D9:U9) -> 3.4639212e+09
A10: 2016 | B10: Jan | C10: I | D10: Alojamento e alimentação | E10: 613007.87 | G10: 221694.34 | H10: 2425.78 | I10: 1.3956972e+08 | J10: 73619591 | K10: 769367.67 | L10: 15454.36 | M10: 1.6648469e+08 | N10: 36578651 | O10: 70414539 | P10: 3583875.6 | Q10: 28073362 | R10: 16.47 | S10: 5.2158148e+08 | T10: 4149892.8 | U10: 3030316.7 | V10: =SUM(D10:U10) -> 1.0487081e+09
A11: 2016 | B11: Jan | C11: IN | D11: Inválido | E11: 5139.72 | H11: 5719.92 | I11: 131220.44 | J11: 195401.51 | L11: 5372.99 | M11: 70366.72 | N11: 23124.81 | O11: 106449.67 | Q11: 19968.21 | R11: 1392.11 | S11: 16591035 | T11: 10582838 | U11: 55950.21 | V11: =SUM(D11:U11) -> 27793979
A12: 2016 | B12: Jan | C12: J | D12: Informação e comunicação | E12: 23856720 | G12: 36207344 | H12: 1165.39 | I12: 5.7926755e+08 | J12: 1.1939505e+09 | K12: 9286893.7 | L12: 2519.24 | M12: 7.8432682e+08 | N12: 1.5705517e+08 | O12: 2.9236206e+08 | P12: 40414245 | Q12: 2.3764917e+08 | R12: 21.98 | S12: 3.5162306e+08 | T12: 32338208 | U12: 5609782.3 | V12: =SUM(D12:U12) -> 3.7439513e+09
A13: 2016 | B13: Jan | C13: K | D13: Atividades financeiras, de seguros e serviços relacionados | E13: 3629633.8 | G13: 2402099.8 | I13: 8.1313824e+09 | J13: 6.8283517e+09 | K13: 2.9546121e+09 | L13: 479060.72 | M13: 2.3625296e+09 | N13: 3.6664159e+08 | O13: 5.4225983e+09 | P13: 21982385 | Q13: 11688545 | R13: 41847858 | S13: 6.3733177e+08 | T13: 5.5446325e+08 | U13: 6588846.6 | V13: =SUM(D13:U13) -> 2.7346529e+10
A14: 2016 | B14: Jan | C14: L | D14: Atividades imobiliárias | E14: 331529.17 | G14: 20118.9 | I14: 6.6584559e+08 | J14: 74455863 | K14: 1672259.9 | L14: 450575.34 | M14: 2.0531379e+08 | N14: 44709123 | O14: 3.2964191e+08 | P14: 35262.11 | Q14: 3584805.5 | S14: 71035089 | T14: 3033452.1 | U14: 3134463.8 | V14: =SUM(D14:U14) -> 1.4032638e+09
A15: 2016 | B15: Jan | C15: M | D15: Atividades profissionais, científicas e técnicas | E15: 38284734 | G15: 21533714 | H15: 1154.34 | I15: 1.2424612e+09 | J15: 6.306072e+08 | K15: 5165999.7 | L15: 48191.63 | M15: 3.7240562e+08 | N15: 83173739 | O15: 5.3689892e+08 | P15: 31406356 | Q15: 42895395 | R15: 6782716.7 | S15: 4.2184803e+08 | T15: 7194547.8 | U15: 5052718.4 | V15: =SUM(D15:U15) -> 3.4457603e+09
A16: 2016 | B16: Jan | C16: N | D16: Atividades administrativas e serviços complementares | E16: 88732198 | F16: 372.98 | G16: 2.0207424e+08 | H16: 194.61 | I16: 7.0739833e+08 | J16: 4.4049174e+08 | K16: 2685453.2 | L16: 118506.42 | M16: 6.6773522e+08 | N16: 1.6532218e+08 | O16: 3.5296505e+08 | P16: 13797594 | Q16: 94700392 | R16: 86.31 | S16: 5.4635965e+08 | T16: 9767316.3 | U16: 9712620.5 | V16: =SUM(D16:U16) -> 3.3018611e+09
A17: 2016 | B17: Jan | C17: NI | D17: Não informado | E17: 127.72 | G17: 5119.19 | I17: 44266.64 | J17: 141290.59 | L17: 1249.17 | M17: 35654.14 | N17: 5818.3 | O17: 15871.15 | Q17: 225964.34 | S17: 162471.24 | T17: 10377.65 | U17: 90192.84 | V17: =SUM(D17:U17) -> 738402.97
A18: 2016 | B18: Jan | C18: O | D18: Administração pública, defesa e seguridade social | E18: 42386.13 | G18: 305635.37 | H18: 5092.26 | I18: 4736508 | J18: 1.8783376e+09 | K18: 74763.64 | L18: 57903.8 | M18: 23300772 | N18: 1.04829e+09 | O18: 2179235.4 | P18: 149454.48 | Q18: 39385482 | R18: 1.6910979e+09 | S18: 3.3336273e+08 | T18: 68813763 | U18: 2.0163918e+09 | V18: =SUM(D18:U18) -> 7.106531e+09
A19: 2016 | B19: Jan | C19: P | D19: Educação | E19: 268212.53 | G19: 341565.94 | I19: 82476213 | J19: 8.7601945e+08 | K19: 326829.33 | L19: 8866.93 | M19: 42712767 | N19: 54235409 | O19: 35796496 | P19: 137814.5 | Q19: 20831863 | R19: 5.4280256e+08 | S19: 2.8487539e+08 | T19: 3061911.2 | U19: 2486185.1 | V19: =SUM(D19:U19) -> 1.9463815e+09
A20: 2016 | B20: Jan | C20: PF | D20: Pessoa Física | E20: 11982139 | F20: 2326.81 | G20: 991903.97 | H20: 1.9630455e+09 | I20: 215214.19 | J20: 92078403 | K20: 245007.24 | L20: 11925244 | M20: 2219346.6 | N20: 549683.36 | O20: 85736.33 | P20: 62020.38 | Q20: 4.4645766e+08 | R20: 4685865.4 | S20: 62455356 | T20: 24047966 | U20: 33506947 | V20: =SUM(D20:U20) -> 2.6545563e+09
A21: 2016 | B21: Jan | C21: Q | D21: Saúde humana e serviços sociais | E21: 962836.82 | G21: 684443.1 | H21: 11164.95 | I21: 5.2398597e+08 | J21: 4.8105058e+08 | K21: 146768.22 | L21: 5423.78 | M21: 1.7455241e+08 | N21: 69932329 | O21: 2.5319592e+08 | P21: 709512.07 | Q21: 19235720 | R21: 9735506.3 | S21: 2.5575771e+08 | T21: 12737966 | U21: 3209334.8 | V21: =SUM(D21:U21) -> 1.8059136e+09
A22: 2016 | B22: Jan | C22: R | D22: Artes, cultura, esporte e recreação | E22: 302892.61 | G22: 186660.03 | I22: 44782564 | J22: 70650180 | K22: 114208.66 | L22: 5766.74 | M22: 23623665 | N22: 9260870.8 | O22: 21861366 | P22: 51866.77 | Q22: 4262822.4 | R22: 730908.08 | S22: 68616112 | T22: 1104244.9 | U22: 1093912.3 | V22: =SUM(D22:U22) -> 2.4664804e+08
A23: 2016 | B23: Jan | C23: S | D23: Outras atividades de serviços | E23: 2378619.6 | G23: 2507786.7 | I23: 26169538 | J23: 2.7012208e+08 | K23: 187239.52 | L23: 27647.69 | M23: 49418974 | N23: 26535892 | O23: 12286601 | P23: 1623694.1 | Q23: 9972171.1 | R23: 3002197.9 | S23: 1.7326215e+08 | T23: 5437160.8 | U23: 3226731.6 | V23: =SUM(D23:U23) -> 5.8615848e+08
A24: 2016 | B24: Jan | C24: T | D24: Serviços domésticos | I24: 1054.42 | J24: 33726.66 | M24: 23157.27 | N24: 5142.76 | O24: 793.76 | Q24: 156.25 | S24: 793655.49 | T24: 775 | U24: 381.26 | V24: =SUM(D24:U24) -> 858842.87
A25: 2016 | B25: Jan | C25: U | D25: Organismos internac. e outras instituições extraterritoriais | E25: 35967.61 | G25: 6534.39 | J25: 46246.52 | M25: 1681.26 | N25: 13474.44 | Q25: 347.3 | S25: 29721.33 | T25: 1049.22 | V25: =SUM(D25:U25) -> 135022.07
A26: 2016 | B26: Fev | C26: A | D26: Agricultura, pecuária, prod. florestal, pesca e aqüicultura | E26: 2213080 | G26: 433207.11 | I26: 27466504 | J26: 27269350 | K26: 552689.97 | L26: 2228377.1 | M26: 26494542 | N26: 6149525.3 | O26: 14510819 | P26: 124924.56 | Q26: 7485957.9 | S26: 35991083 | T26: 2740481.6 | U26: 3371842.9 | V26: =SUM(D26:U26) -> 1.5703238e+08
A27: 2016 | B27: Fev | C27: B | D27: Indústrias extrativas | E27: 28846650 | G27: 17998984 | I27: 62759995 | J27: 1.1958623e+08 | K27: 538305.2 | L27: 128401.68 | M27: 1.1717953e+08 | N27: 24518504 | O27: 59010312 | P27: 6153544 | Q27: 5621300.5 | S27: 1.5499602e+08 | T27: 5438005.2 | U27: 2.2412864e+08 | V27: =SUM(D27:U27) -> 8.2690442e+08
A28: 2016 | B28: Fev | C28: C | D28: Indústrias de transformação | E28: 1.4636244e+09 | F28: 1977674.3 | G28: 2.198268e+09 | H28: 1421.03 | I28: 8.193483e+08 | J28: 1.6641395e+09 | K28: 21187507 | L28: 1677384.8 | M28: 5.1321103e+09 | N28: 1.1017329e+09 | O28: 5.6839356e+08 | P28: 5.110214e+08 | Q28: 4.4951651e+08 | R28: 1729.81 | S28: 1.6957821e+09 | T28: 94588725 | U28: 7.6482644e+08 | V28: =SUM(D28:U28) -> 1.6488198e+10
A29: 2016 | B29: Fev | C29: D | D29: Eletricidade e gás | E29: 7072765.6 | G29: 2991316.7 | I29: 2.4502073e+08 | J29: 1.9885679e+08 | K29: 3542392.7 | L29: 548483.62 | M29: 1.210431e+09 | N29: 2.4545772e+08 | O29: 1.3854135e+08 | P29: 3325991.6 | Q29: 644453.73 | S29: 1.7460019e+08 | T29: 485598.16 | U29: 4652053 | V29: =SUM(D29:U29) -> 2.2361708e+09
A30: 2016 | B30: Fev | C30: E | D30: Água, esgoto, ativ. de gestão de resíduos e descontaminação | E30: 858423.38 | G30: 2460089.2 | I30: 1.0456145e+08 | J30: 69242683 | K30: 186419.77 | L30: 5470.36 | M30: 2.1455604e+08 | N30: 54365248 | O30: 54167169 | P30: 44858.88 | Q30: 5776970.2 | S30: 47450497 | T30: 257980.64 | U30: 1677863.9 | V30: =SUM(D30:U30) -> 5.5561117e+08
A31: 2016 | B31: Fev | C31: F | D31: Construção | E31: 7113279.3 | G31: 4338565.2 | H31: 594.89 | I31: 1.8747002e+08 | J31: 2.2901782e+08 | K31: 3299152.8 | L31: 337949.88 | M31: 3.8068935e+08 | N31: 84436371 | O31: 93761619 | P31: 2816974.6 | Q31: 2.1508459e+08 | R31: 12014.08 | S31: 4.4861438e+08 | T31: 8012551.6 | U31: 18800520 | V31: =SUM(D31:U31) -> 1.6838057e+09
A32: 2016 | B32: Fev | C32: G | D32: Comércio; reparação de veículos automotores e motocicletas | E32: 1.0070737e+09 | F32: 407012.07 | G32: 6.9117813e+08 | H32: 52398.5 | I32: 9.6263669e+08 | J32: 8.7612798e+08 | K32: 8696021.1 | L32: 372035.14 | M32: 2.4791448e+09 | N32: 5.3582549e+08 | O32: 4.876529e+08 | P32: 34623219 | Q32: 1.0105392e+08 | R32: 377.55 | S32: 2.6817272e+09 | T32: 1.1165254e+08 | U32: 38901949 | V32: =SUM(D32:U32) -> 1.0017126e+10
A33: 2016 | B33: Fev | C33: H | D33: Transporte, armazenagem e correio | E33: 43913566 | G33: 8466340 | I33: 2.848982e+08 | J33: 3.3629323e+08 | K33: 1226905.9 | L33: 278367.43 | M33: 5.5519802e+08 | N33: 1.2301075e+08 | O33: 1.2248662e+08 | P33: 8560502.7 | Q33: 2.5255394e+08 | R33: 91542.7 | S33: 4.1203961e+08 | T33: 42962616 | U33: 6593088.3 | V33: =SUM(D33:U33) -> 2.1985733e+09
A34: 2016 | B34: Fev | C34: I | D34: Alojamento e alimentação | E34: 431323.18 | G34: 214382.28 | I34: 67373375 | J34: 48262019 | K34: 258674.84 | L34: 37834.69 | M34: 1.517552e+08 | N34: 33429152 | O34: 33651153 | P34: 3229933.7 | Q34: 23516766 | S34: 4.9054651e+08 | T34: 2522054.2 | U34: 3884355.3 | V34: =SUM(D34:U34) -> 8.5911273e+08
A35: 2016 | B35: Fev | C35: IN | D35: Inválido | E35: 839.83 | H35: 7798.85 | I35: 19767.53 | J35: 124415.45 | L35: 1220.33 | M35: 46042.93 | N35: 21183.44 | O35: 5485.31 | P35: 2092.09 | Q35: 9859 | S35: 638255.75 | T35: 13660.38 | U35: 36767.95 | V35: =SUM(D35:U35) -> 927388.84
A36: 2016 | B36: Fev | C36: J | D36: Informação e comunicação | E36: 20280855 | G36: 26801687 | H36: 483.73 | I36: 3.3811655e+08 | J36: 7.4307239e+08 | K36: 7279126.2 | L36: 171.53 | M36: 6.8750779e+08 | N36: 1.3566389e+08 | O36: 1.8960316e+08 | P36: 36000773 | Q36: 1.7408269e+08 | S36: 3.0529752e+08 | T36: 18451844 | U36: 4537268.6 | V36: =SUM(D36:U36) -> 2.6866962e+09
A37: 2016 | B37: Fev | C37: K | D37: Atividades financeiras, de seguros e serviços relacionados | E37: 3125517 | G37: 1588272.5 | I37: 1.4981098e+09 | J37: 4.5752007e+09 | K37: 2.5916537e+09 | L37: 241805.15 | M37: 1.4398413e+09 | N37: 2.494992e+08 | O37: 1.0491373e+09 | P37: 27366189 | Q37: 10687272 | R37: 40453280 | S37: 5.7623989e+08 | T37: 3.420617e+08 | U37: 10017676 | V37: =SUM(D37:U37) -> 1.2415224e+10
A38: 2016 | B38: Fev | C38: L | D38: Atividades imobiliárias | E38: 67269.58 | G38: 21628.81 | H38: 1141.33 | I38: 95526697 | J38: 33706302 | K38: 1969135.4 | L38: 290774.43 | M38: 1.6201432e+08 | N38: 35357833 | O38: 46822620 | P38: 85625.12 | Q38: 3942235 | R38: 16.89 | S38: 62972344 | T38: 3050582.6 | U38: 2472410.7 | V38: =SUM(D38:U38) -> 4.4830093e+08
A39: 2016 | B39: Fev | C39: M | D39: Atividades profissionais, científicas e técnicas | E39: 28604041 | G39: 21424388 | H39: 2888.52 | I39: 2.8990728e+08 | J39: 3.3502926e+08 | K39: 3877280.4 | L39: 34590.78 | M39: 2.387827e+08 | N39: 54284484 | O39: 1.1263058e+08 | P39: 25700723 | Q39: 31717813 | R39: 18724251 | S39: 3.1066625e+08 | T39: 9901470.9 | U39: 4684911.5 | V39: =SUM(D39:U39) -> 1.4859729e+09
A40: 2016 | B40: Fev | C40: N | D40: Atividades administrativas e serviços complementares | E40: 70829165 | G40: 1.7926423e+08 | H40: 7891.77 | I40: 2.7648674e+08 | J40: 2.9602516e+08 | K40: 2232348.2 | L40: 94949 | M40: 5.6155188e+08 | N40: 1.3084444e+08 | O40: 1.180254e+08 | P40: 16082776 | Q40: 85361290 | R40: 33.93 | S40: 4.6622417e+08 | T40: 7090216.7 | U40: 9862784.9 | V40: =SUM(D40:U40) -> 2.2199835e+09
A41: 2016 | B41: Fev | C41: NI | D41: Não informado | E41: 2624.09 | G41: 748.85 | I41: 33085.72 | J41: 24821.43 | L41: 2631.09 | M41: 11371.97 | N41: 2756.85 | O41: 14325.24 | Q41: 169207.31 | S41: 163990.22 | T41: 22137.7 | U41: 378819.59 | V41: =SUM(D41:U41) -> 826520.06
A42: 2016 | B42: Fev | C42: O | D42: Administração pública, defesa e seguridade social | E42: 65355.61 | G42: 157571.61 | I42: 15966262 | J42: 1.9762829e+09 | K42: 44070.51 | L42: 1513.26 | M42: 21652658 | N42: 9.8021887e+08 | O42: 6894432.1 | P42: 17337.39 | Q42: 56276883 | R42: 1.5791419e+09 | S42: 2.9818778e+08 | T42: 1.7044354e+08 | U42: 1.9179338e+09 | V42: =SUM(D42:U42) -> 7.0232848e+09
A43: 2016 | B43: Fev | C43: P | D43: Educação | E43: 448216.91 | G43: 170234.24 | I43: 41847794 | J43: 5.7541209e+08 | K43: 298677.31 | L43: 1837.51 | M43: 40376232 | N43: 42659459 | O43: 16732278 | P43: 236442.4 | Q43: 29331477 | R43: 5.5325131e+08 | S43: 2.6642918e+08 | T43: 6547859.4 | U43: 2760724.1 | V43: =SUM(D43:U43) -> 1.5765038e+09
A44: 2016 | B44: Fev | C44: PF | D44: Pessoa Física | E44: 12011007 | F44: 4596.91 | G44: 2834533.4 | H44: 8.7734264e+08 | I44: 266801.58 | J44: 67060542 | K44: 216802.64 | L44: 13895307 | M44: 1032620.3 | N44: 255834.43 | O44: 132920.67 | P44: 13300.05 | Q44: 2.7511238e+08 | R44: 4048030.4 | S44: 64495866 | T44: 28768138 | U44: 39555932 | V44: =SUM(D44:U44) -> 1.3870473e+09
A45: 2016 | B45: Fev | C45: Q | D45: Saúde humana e serviços sociais | E45: 731674.83 | G45: 401072.76 | H45: 750.92 | I45: 1.1044949e+08 | J45: 3.2012408e+08 | K45: 282199.26 | L45: 4492.71 | M45: 1.5857566e+08 | N45: 58411278 | O45: 55088103 | P45: 842299.62 | Q45: 20008682 | R45: 9589437 | S45: 2.3550885e+08 | T45: 3738645.1 | U45: 3419950.2 | V45: =SUM(D45:U45) -> 9.7717667e+08
A46: 2016 | B46: Fev | C46: R | D46: Artes, cultura, esporte e recreação | E46: 276765.44 | G46: 94700.1 | I46: 24187553 | J46: 59448630 | K46: 1073450.8 | L46: 3362.21 | M46: 25202939 | N46: 8243969.7 | O46: 8622371.1 | P46: 262021.34 | Q46: 4261998 | R46: 753358.12 | S46: 63640705 | T46: 981617.36 | U46: 698472.75 | V46: =SUM(D46:U46) -> 1.9775191e+08
A47: 2016 | B47: Fev | C47: S | D47: Outras atividades de serviços | E47: 1979513.9 | F47: 548.1 | G47: 1758569.3 | H47: 1486.33 | I47: 15243413 | J47: 1.8024636e+08 | K47: 525836.16 | L47: 27786.39 | M47: 30824630 | N47: 19624405 | O47: 8989415.5 | P47: 1060995.5 | Q47: 10067301 | R47: 2935098.9 | S47: 1.4593372e+08 | T47: 5401191 | U47: 1955689.5 | V47: =SUM(D47:U47) -> 4.2657596e+08
A48: 2016 | B48: Fev | C48: T | D48: Serviços domésticos | I48: 223.55 | J48: 30953.87 | M48: 21750.84 | N48: 4740.9 | O48: 138.13 | Q48: 291.28 | S48: 880250.67 | T48: 652 | U48: 5865.2 | V48: =SUM(D48:U48) -> 944866.44
A49: 2016 | B49: Fev | C49: U | D49: Organismos internac. e outras instituições extraterritoriais | E49: 17508.6 | G49: 2712.58 | J49: 14019.97 | M49: 4072.25 | N49: 9042.87 | P49: 561.27 | S49: 18803.24 | T49: 1059.55 | V49: =SUM(D49:U49) -> 67780.33
A50: 2016 | B50: Mar | C50: A | D50: Agricultura, pecuária, prod. florestal, pesca e aqüicultura | E50: 1575635.8 | F50: 34618.66 | G50: 698886 | I50: 41896836 | J50: 29017807 | K50: 632821.48 | L50: 2214506.3 | M50: 30520538 | N50: 6852591.7 | O50: 21930939 | P50: 75249.08 | Q50: 7065759.2 | S50: 36078159 | T50: 1700402.9 | U50: 3051576.1 | V50: =SUM(D50:U50) -> 1.8334633e+08
A51: 2016 | B51: Mar | C51: B | D51: Indústrias extrativas | E51: 36971776 | G51: 20503935 | I51: 1.2290103e+08 | J51: 1.3499032e+08 | K51: 875019.59 | L51: 50860.88 | M51: 1.184541e+08 | N51: 24960852 | O51: 59549206 | P51: 11549596 | Q51: 4819020.8 | S51: 1.5319288e+08 | T51: 3666955.1 | U51: 1.2115917e+08 | V51: =SUM(D51:U51) -> 8.1364472e+08
A52: 2016 | B52: Mar | C52: C | D52: Indústrias de transformação | E52: 1.5870807e+09 | F52: 3160917.9 | G52: 2.4227155e+09 | H52: 2426.9 | I52: 1.4170358e+09 | J52: 1.7386586e+09 | K52: 28363905 | L52: 236067.26 | M52: 5.3227725e+09 | N52: 1.1377307e+09 | O52: 7.1019729e+08 | P52: 5.1676752e+08 | Q52: 5.0045315e+08 | R52: 1729.81 | S52: 1.7680996e+09 | T52: 95899081 | U52: 7.7275914e+08 | V52: =SUM(D52:U52) -> 1.8021935e+10
A53: 2016 | B53: Mar | C53: D | D53: Eletricidade e gás | E53: 13151200 | G53: 2054618.4 | I53: 5.2934139e+08 | J53: 2.1157362e+08 | K53: 2326773.7 | L53: 524345.2 | M53: 9.4766186e+08 | N53: 2.1115184e+08 | O53: 2.4292001e+08 | P53: 5655382.5 | Q53: 649526.98 | S53: 1.5815157e+08 | T53: 556978.61 | U53: 4046703.9 | V53: =SUM(D53:U53) -> 2.3297658e+09
A54: 2016 | B54: Mar | C54: E | D54: Água, esgoto, ativ. de gestão de resíduos e descontaminação | E54: 1437987.5 | G54: 1899837.4 | I54: 1.3105779e+08 | J54: 77866232 | K54: 151182.58 | L54: 178834.27 | M54: 2.160704e+08 | N54: 55895132 | O54: 52838860 | P54: 63532.38 | Q54: 7170585.9 | R54: 28.51 | S54: 54905773 | T54: 2507577.2 | U54: 1143973.1 | V54: =SUM(D54:U54) -> 6.0318773e+08
A55: 2016 | B55: Mar | C55: F | D55: Construção | E55: 5616519.8 | F55: 17132.76 | G55: 3655198 | I55: 2.5036394e+08 | J55: 2.1782357e+08 | K55: 7602580.8 | L55: 218512.24 | M55: 4.060471e+08 | N55: 89359915 | O55: 1.0266944e+08 | P55: 2872174.7 | Q55: 2.134266e+08 | R55: 12014.06 | S55: 4.6103652e+08 | T55: 8303278.1 | U55: 17301974 | V55: =SUM(D55:U55) -> 1.7863265e+09
A56: 2016 | B56: Mar | C56: G | D56: Comércio; reparação de veículos automotores e motocicletas | E56: 1.0048067e+09 | F56: 647332.9 | G56: 7.7640482e+08 | H56: 2091.72 | I56: 9.3005793e+08 | J56: 8.8448457e+08 | K56: 8636570.9 | L56: 252302.04 | M56: 2.3031348e+09 | N56: 4.9452405e+08 | O56: 4.5282508e+08 | P56: 51523219 | Q56: 92166903 | R56: 519.77 | S56: 2.7096175e+09 | T56: 1.140021e+08 | U56: 34450796 | V56: =SUM(D56:U56) -> 9.8575373e+09
A57: 2016 | B57: Mar | C57: H | D57: Transporte, armazenagem e correio | E57: 38302463 | G57: 14175820 | I57: 267189082 | J57: 3.3416338e+08 | K57: 1511905.5 | L57: 22850.06 | M57: 5.2564137e+08 | N57: 1.1359875e+08 | O57: 1.3144175e+08 | P57: 4908407.5 | Q57: 2.4913381e+08 | R57: 53788.33 | S57: 4.1548592e+08 | T57: 16675946 | U57: 9663825.1 | V57: =SUM(D57:U57) -> 2.1219691e+09
A58: 2016 | B58: Mar | C58: I | D58: Alojamento e alimentação | E58: 300689.94 | G58: 140742.16 | H58: 428.17 | I58: 47755973 | J58: 56863787 | K58: 328667.64 | L58: 9039.01 | M58: 1.4521335e+08 | N58: 31568349 | O58: 24486540 | P58: 2727272.1 | Q58: 21523392 | R58: 1745.12 | S58: 4.4732314e+08 | T58: 2693683.7 | U58: 3183286.9 | V58: =SUM(D58:U58) -> 7.8412008e+08
A59: 2016 | B59: Mar | C59: IN | D59: Inválido | G59: 23517.83 | H59: 2992.07 | I59: 21419.12 | J59: 52599.8 | K59: 648.23 | L59: 1220.43 | M59: 138402.99 | N59: 104259.74 | O59: 10128.24 | Q59: 3229.06 | S59: 2898602.6 | T59: 5155.32 | U59: 47082.63 | V59: =SUM(D59:U59) -> 3309258.1
A60: 2016 | B60: Mar | C60: J | D60: Informação e comunicação | E60: 23274039 | G60: 26408461 | H60: 1187.32 | I60: 3.1216713e+08 | J60: 9.2012957e+08 | K60: 6504276.6 | L60: 250.17 | M60: 6.8142383e+08 | N60: 1.4185049e+08 | O60: 1.1482062e+08 | P60: 39612758 | Q60: 1.8383636e+08 | S60: 3.0277408e+08 | T60: 29161654 | U60: 1.2551792e+08 | V60: =SUM(D60:U60) -> 2.9074826e+09
A61: 2016 | B61: Mar | C61: K | D61: Atividades financeiras, de seguros e serviços relacionados | E61: 3210337.7 | F61: 402.53 | G61: 2091613.7 | H61: 516.65 | I61: 3.6451934e+09 | J61: 5.8536722e+09 | K61: 2.5372307e+09 | L61: 212671.08 | M61: 1.8113491e+09 | N61: 3.1513684e+08 | O61: 2.6374205e+09 | P61: 15842323 | Q61: 8648386.9 | R61: 40417126 | S61: 6.3827469e+08 | T61: 4.6022371e+08 | U61: 26214776 | V61: =SUM(D61:U61) -> 1.7995139e+10
A62: 2016 | B62: Mar | C62: L | D62: Atividades imobiliárias | E62: 98069.28 | G62: 36898 | I62: 81134860 | J62: 44451926 | K62: 2019440.2 | L62: 444264.39 | M62: 1.6506761e+08 | N62: 35613948 | O62: 40021551 | P62: 127392.68 | Q62: 3625807.5 | S62: 63936989 | T62: 3803060 | U62: 2886627.9 | V62: =SUM(D62:U62) -> 4.4326844e+08
A63: 2016 | B63: Mar | C63: M | D63: Atividades profissionais, científicas e técnicas | E63: 31675691 | G63: 16802870 | I63: 2.9762889e+08 | J63: 3.7099243e+08 | K63: 4636089.6 | L63: 75469.69 | M63: 2.3209839e+08 | N63: 52688393 | O63: 124855611 | P63: 24153516 | Q63: 36142306 | R63: 30713365 | S63: 3.2748668e+08 | T63: 6175258.7 | U63: 3726925.3 | V63: =SUM(D63:U63) -> 1.5598519e+09
A64: 2016 | B64: Mar | C64: N | D64: Atividades administrativas e serviços complementares | E64: 67709004 | G64: 1.9283762e+08 | H64: 115.88 | I64: 2.4329691e+08 | J64: 3.5662425e+08 | K64: 2195892 | L64: 65172.05 | M64: 6.0168606e+08 | N64: 1.4142656e+08 | O64: 1.2296626e+08 | P64: 13250264 | Q64: 81571527 | R64: 33.93 | S64: 479230924 | T64: 11294240 | U64: 9879686.6 | V64: =SUM(D64:U64) -> 2.3240345e+09
A65: 2016 | B65: Mar | C65: NI | D65: Não informado | E65: 180.36 | G65: 1131.84 | I65: 26164.2 | J65: 17503.1 | L65: 2764.58 | M65: 7576.75 | N65: 213799.54 | O65: 1966.32 | Q65: 59919.76 | S65: 175702.61 | T65: 254037.36 | U65: 92623.93 | V65: =SUM(D65:U65) -> 853370.35
A66: 2016 | B66: Mar | C66: O | D66: Administração pública, defesa e seguridade social | E66: 122272.87 | G66: 216658.34 | I66: 24783732 | J66: 1.9356785e+09 | K66: 80973.31 | L66: 2530.83 | M66: 23930280 | N66: 9.3142361e+08 | O66: 11919931 | P66: 104481.32 | Q66: 39313436 | R66: 1.657348e+09 | S66: 3.5456388e+08 | T66: 8946646.8 | U66: 1.7882908e+09 | V66: =SUM(D66:U66) -> 6.7767258e+09
A67: 2016 | B67: Mar | C67: P | D67: Educação | E67: 379730.01 | G67: 156617.07 | H67: 947.3 | I67: 47780859 | J67: 5.4625008e+08 | K67: 384028 | L67: 7897.25 | M67: 41148910 | N67: 42364343 | O67: 18515320 | P67: 366476.91 | Q67: 21900526 | R67: 5.5494591e+08 | S67: 2.8052212e+08 | T67: 3270479.2 | U67: 3841406.5 | V67: =SUM(D67:U67) -> 1.5618356e+09
A68: 2016 | B68: Mar | C68: PF | D68: Pessoa Física | E68: 13328198 | F68: 13739.94 | G68: 3595475.4 | H68: 1.0322391e+09 | I68: 248818.46 | J68: 61842217 | K68: 65898.55 | L68: 11624152 | M68: 956985.29 | N68: 300945.87 | O68: 176364.23 | P68: 10240.48 | Q68: 2.8014361e+08 | R68: 3362924.2 | S68: 65486230 | T68: 40473984 | U68: 53432337 | V68: =SUM(D68:U68) -> 1.5673012e+09
A69: 2016 | B69: Mar | C69: Q | D69: Saúde humana e serviços sociais | E69: 837291.16 | G69: 484765.35 | H69: 925.44 | I69: 1.3272032e+08 | J69: 3.207222e+08 | K69: 146623.41 | L69: 3789.3 | M69: 1.4743129e+08 | N69: 53911491 | O69: 55249668 | P69: 750818.46 | Q69: 22261625 | R69: 9649238.3 | S69: 2.5343826e+08 | T69: 3834651.6 | U69: 5254555.1 | V69: =SUM(D69:U69) -> 1.0066975e+09
A70: 2016 | B70: Mar | C70: R | D70: Artes, cultura, esporte e recreação | E70: 260799.66 | G70: 125413.12 | I70: 13080616 | J70: 74515235 | K70: 100347.05 | L70: 6341.12 | M70: 24455706 | N70: 7997331.9 | O70: 5846956.4 | P70: 73162.06 | Q70: 4112182.2 | R70: 793572.09 | S70: 65287874 | T70: 1083530.9 | U70: 1237504.6 | V70: =SUM(D70:U70) -> 1.9897657e+08
A71: 2016 | B71: Mar | C71: S | D71: Outras atividades de serviços | E71: 2247812.1 | F71: 40.19 | G71: 6402596.9 | H71: 386.07 | I71: 10987895 | J71: 1.8023749e+08 | K71: 251416.47 | L71: 48905.7 | M71: 36242929 | N71: 19664962 | O71: 4907700.8 | P71: 701191.59 | Q71: 9311469.6 | R71: 3039014.2 | S71: 1.5220874e+08 | T71: 52573306 | U71: 2296951 | V71: =SUM(D71:U71) -> 4.8112281e+08
A72: 2016 | B72: Mar | C72: T | D72: Serviços domésticos | E72: 168.13 | I72: 131.49 | J72: 34362.53 | M72: 22166.58 | N72: 5044.78 | O72: 82.18 | Q72: 1813.9 | S72: 1023937.7 | T72: 814.9 | U72: 266.67 | V72: =SUM(D72:U72) -> 1088788.9
A73: 2016 | B73: Mar | C73: U | D73: Organismos internac. e outras instituições extraterritoriais | E73: 33958.31 | J73: 11653.25 | M73: 168.81 | N73: 9106.22 | Q73: 739.74 | S73: 22592.41 | T73: 9141.96 | V73: =SUM(D73:U73) -> 87360.7
A74: 2016 | B74: Abr | C74: A | D74: Agricultura, pecuária, prod. florestal, pesca e aqüicultura | E74: 1617722.2 | G74: 590870.81 | I74: 91195256 | J74: 32320158 | K74: 500671.24 | L74: 1014005.1 | M74: 27364595 | N74: 6368714 | O74: 51345360 | P74: 235264.21 | Q74: 7132858.7 | S74: 38624314 | T74: 2185247.5 | U74: 1560403.5 | V74: =SUM(D74:U74) -> 2.6205544e+08
A75: 2016 | B75: Abr | C75: B | D75: Indústrias extrativas | E75: 33327271 | G75: 18483493 | I75: 84314873 | J75: 1.6493518e+08 | K75: 864674.15 | L75: 712486.16 | M75: 1.0723316e+08 | N75: 22652175 | O75: 53898211 | P75: 10747543 | Q75: 5760650 | S75: 1.5472312e+08 | T75: 1338732.2 | U75: 1.6647037e+08 | V75: =SUM(D75:U75) -> 8.2546193e+08
A76: 2016 | B76: Abr | C76: C | D76: Indústrias de transformação | E76: 1.3536107e+09 | F76: 1148225.6 | G76: 2.6090279e+09 | H76: 1927.08 | I76: 1.9053812e+09 | J76: 2.0977399e+09 | K76: 22244291 | L76: 201491.28 | M76: 5.2608759e+09 | N76: 1.1514411e+09 | O76: 9.7873315e+08 | P76: 5.3984363e+08 | Q76: 5.7467783e+08 | R76: 14835.49 | S76: 1.8453971e+09 | T76: 1.0809062e+08 | U76: 1.0533302e+09 | V76: =SUM(D76:U76) -> 1.950176e+10
A77: 2016 | B77: Abr | C77: D | D77: Eletricidade e gás | E77: 11874933 | G77: 5732480.2 | I77: 6.162329e+08 | J77: 2.1625553e+08 | K77: 1887623.5 | L77: 652308.65 | M77: 1.4175985e+09 | N77: 3.0485966e+08 | O77: 3.1390056e+08 | P77: 8551408.4 | Q77: 661741.99 | S77: 1.4414448e+08 | T77: 415753.75 | U77: 5163934.6 | V77: =SUM(D77:U77) -> 3.0479318e+09
A78: 2016 | B78: Abr | C78: E | D78: Água, esgoto, ativ. de gestão de resíduos e descontaminação | E78: 1384580.4 | G78: 1555572.3 | I78: 3.1427081e+08 | J78: 76033571 | K78: 1110606.7 | L78: 4621.06 | M78: 2.4242736e+08 | N78: 61395767 | O78: 1.2739462e+08 | P78: 154642.15 | Q78: 6745377.2 | S78: 57869249 | T78: 235803.58 | U78: 979312.06 | V78: =SUM(D78:U78) -> 8.915619e+08
A79: 2016 | B79: Abr | C79: F | D79: Construção | E79: 7093236.8 | F79: 487.07 | G79: 4209804.7 | H79: 101.39 | I79: 5.9174053e+08 | J79: 2.190887e+08 | K79: 5229169.3 | L79: 275830.41 | M79: 4.1610583e+08 | N79: 93036909 | O79: 3.2435376e+08 | P79: 1742065.3 | Q79: 2.1709869e+08 | R79: 8309.1 | S79: 4.8788297e+08 | T79: 7542171.9 | U79: 16666931 | V79: =SUM(D79:U79) -> 2.3920755e+09
A80: 2016 | B80: Abr | C80: G | D80: Comércio; reparação de veículos automotores e motocicletas | E80: 7.615373e+08 | F80: 182166.84 | G80: 7.9599183e+08 | H80: 5094.73 | I80: 1.9605931e+09 | J80: 9.8461862e+08 | K80: 11254057 | L80: 110982.78 | M80: 2.3712693e+09 | N80: 5.0683669e+08 | O80: 1.1135615e+09 | P80: 44253202 | Q80: 90177172 | R80: 1154.11 | S80: 2.854727e+09 | T80: 1.0819329e+08 | U80: 33245527 | V80: =SUM(D80:U80) -> 1.1636558e+10
A81: 2016 | B81: Abr | C81: H | D81: Transporte, armazenagem e correio | E81: 37729311 | F81: 9416.64 | G81: 18615776 | H81: 123.49 | I81: 5.6558677e+08 | J81: 3.4551716e+08 | K81: 1471010 | L81: 171397.9 | M81: 5.8768425e+08 | N81: 1.2411619e+08 | O81: 2.5505785e+08 | P81: 5669623 | Q81: 2.6844664e+08 | R81: 22772.2 | S81: 4.3681577e+08 | T81: 15764403 | U81: 9085428.5 | V81: =SUM(D81:U81) -> 2.6717639e+09
A82: 2016 | B82: Abr | C82: I | D82: Alojamento e alimentação | E82: 544624.93 | F82: 1529.63 | G82: 149655.65 | I82: 1.189767e+08 | J82: 91074419 | K82: 217179.68 | L82: 10579.56 | M82: 1.3818248e+08 | N82: 30840828 | O82: 62939742 | P82: 1989963.2 | Q82: 19949809 | S82: 4.4378206e+08 | T82: 4123581.4 | U82: 4969703.7 | V82: =SUM(D82:U82) -> 9.1775285e+08
A83: 2016 | B83: Abr | C83: IN | D83: Inválido | G83: 4776.89 | H83: 3382.4 | I83: 46081.21 | J83: 97211.03 | K83: 3832.5 | L83: 20733.27 | M83: 374559.97 | N83: 28983.65 | O83: 27457.74 | P83: 56512.54 | Q83: 4367.79 | S83: 710813.56 | T83: 9628.82 | U83: 99553.69 | V83: =SUM(D83:U83) -> 1487895.1
A84: 2016 | B84: Abr | C84: J | D84: Informação e comunicação | E84: 16755193 | G84: 19748537 | H84: 1199.67 | I84: 5.7100926e+08 | J84: 8.2667926e+08 | K84: 4800945.9 | L84: 10 | M84: 5.7887972e+08 | N84: 1.2561616e+08 | O84: 2.6073632e+08 | P84: 44128347 | Q84: 1.8879686e+08 | S84: 3.0891346e+08 | T84: 16411683 | U84: 2650295.5 | V84: =SUM(D84:U84) -> 2.9651273e+09
A85: 2016 | B85: Abr | C85: K | D85: Atividades financeiras, de seguros e serviços relacionados | E85: 3798441.8 | G85: 3141825.8 | I85: 2.9750385e+09 | J85: 5.6791555e+09 | K85: 2.8218957e+09 | L85: 363141.4 | M85: 2.413706e+09 | N85: 3.8023189e+08 | O85: 1.9579795e+09 | P85: 29901120 | Q85: 10013096 | R85: 37202679 | S85: 6.5597211e+08 | T85: 4.3072417e+08 | U85: 15959943 | V85: =SUM(D85:U85) -> 1.7415084e+10
A86: 2016 | B86: Abr | C86: L | D86: Atividades imobiliárias | E86: 80159.92 | G86: 25322.95 | H86: 4010.58 | I86: 6.099986e+08 | J86: 43076825 | K86: 1466119.9 | L86: 454979.54 | M86: 1.7209307e+08 | N86: 37089890 | O86: 2.8896088e+08 | P86: 70125.99 | Q86: 3695321.7 | R86: 455.84 | S86: 67435982 | T86: 6121497.4 | U86: 2476225 | V86: =SUM(D86:U86) -> 1.2330495e+09
A87: 2016 | B87: Abr | C87: M | D87: Atividades profissionais, científicas e técnicas | E87: 29019820 | G87: 18575404 | H87: 628.85 | I87: 8.2923378e+08 | J87: 4.0276515e+08 | K87: 4201390.8 | L87: 23677.01 | M87: 2.7835228e+08 | N87: 62729229 | O87: 3.4011196e+08 | P87: 21801645 | Q87: 37599508 | R87: 6784177.6 | S87: 3.5213091e+08 | T87: 6237694.9 | U87: 2677962.9 | V87: =SUM(D87:U87) -> 2.3922452e+09
A88: 2016 | B88: Abr | C88: N | D88: Atividades administrativas e serviços complementares | E88: 45417416 | F88: 180 | G88: 1.0839738e+08 | H88: 474.69 | I88: 9.3982942e+08 | J88: 3.6891303e+08 | K88: 2731099 | L88: 93939.17 | M88: 5.7358769e+08 | N88: 1.3474824e+08 | O88: 4.1235164e+08 | P88: 16787285 | Q88: 83127645 | R88: 33.93 | S88: 496664519 | T88: 7468861.6 | U88: 10085984 | V88: =SUM(D88:U88) -> 3.2002048e+09
A89: 2016 | B89: Abr | C89: NI | D89: Não informado | E89: 427.64 | G89: 24002.44 | I89: 128228.69 | J89: 15426.15 | L89: 806.17 | M89: 17232.95 | N89: 4304.62 | O89: 22347.16 | Q89: 31006.66 | S89: 131533.74 | T89: 127958.8 | U89: 52155.77 | V89: =SUM(D89:U89) -> 555430.79
A90: 2016 | B90: Abr | C90: O | D90: Administração pública, defesa e seguridade social | E90: 68395.85 | G90: 405833.15 | I90: 19906246 | J90: 1.9571058e+09 | K90: 43647.24 | L90: 42494.6 | M90: 19470924 | N90: 8.3057891e+08 | O90: 8870769.5 | P90: 177310.62 | Q90: 33573479 | R90: 1.6159974e+09 | S90: 3.0994875e+08 | T90: 11733536 | U90: 3.3259675e+09 | V90: =SUM(D90:U90) -> 8.1338911e+09
A91: 2016 | B91: Abr | C91: P | D91: Educação | E91: 252422.33 | G91: 234900.94 | I91: 87648073 | J91: 6.2224324e+08 | K91: 280386.64 | L91: 8702.96 | M91: 47917691 | N91: 39534199 | O91: 34445511 | P91: 296108.35 | Q91: 26710068 | R91: 5.5419127e+08 | S91: 2.9527085e+08 | T91: 4420532.5 | U91: 4216435.2 | V91: =SUM(D91:U91) -> 1.7176704e+09
A92: 2016 | B92: Abr | C92: PF | D92: Pessoa Física | E92: 11994829 | F92: 2541.25 | G92: 3632519 | H92: 7.8266836e+09 | I92: 679686.41 | J92: 69039839 | K92: 87176.53 | L92: 10361014 | M92: 1338121.1 | N92: 403944.76 | O92: 353947.89 | P92: 6914.88 | Q92: 2.7627941e+08 | R92: 1755396.1 | S92: 62105140 | T92: 48999933 | U92: 41980032 | V92: =SUM(D92:U92) -> 8.3557041e+09
A93: 2016 | B93: Abr | C93: Q | D93: Saúde humana e serviços sociais | E93: 3127850.9 | G93: 1011141.6 | H93: 862.37 | I93: 4.7560795e+08 | J93: 3.4132791e+08 | K93: 123740.69 | L93: 3604.42 | M93: 1.7668358e+08 | N93: 60498455 | O93: 2.3702814e+08 | P93: 657765.82 | Q93: 21491004 | R93: 9667632.5 | S93: 2.6185953e+08 | T93: 2765196.3 | U93: 4118608.6 | V93: =SUM(D93:U93) -> 1.595973e+09
A94: 2016 | B94: Abr | C94: R | D94: Artes, cultura, esporte e recreação | E94: 419366.13 | G94: 149932.34 | I94: 39844618 | J94: 56971584 | K94: 101668.12 | L94: 5445.16 | M94: 27832973 | N94: 8431538.5 | O94: 17111238 | P94: 99515.34 | Q94: 4280995.9 | R94: 764617.06 | S94: 66665778 | T94: 1007909.8 | U94: 674936.16 | V94: =SUM(D94:U94) -> 2.2436212e+08
A95: 2016 | B95: Abr | C95: S | D95: Outras atividades de serviços | E95: 1475477.1 | G95: 1928737.7 | I95: 25091163 | J95: 1.8091628e+08 | K95: 246010.32 | L95: 17066.07 | M95: 35959806 | N95: 19609822 | O95: 11407881 | P95: 693481.4 | Q95: 9541944.4 | R95: 3063801.8 | S95: 1.5718147e+08 | T95: 14044202 | U95: 2191573.8 | V95: =SUM(D95:U95) -> 4.6336872e+08
A96: 2016 | B96: Abr | C96: T | D96: Serviços domésticos | E96: 175.99 | I96: 3559.78 | J96: 32388.41 | M96: 22952.02 | N96: 4839.08 | O96: 624.61 | Q96: 160.54 | S96: 1072580.9 | T96: 1322.75 | U96: 2906.36 | V96: =SUM(D96:U96) -> 1141510.5
A97: 2016 | B97: Abr | C97: U | D97: Organismos internac. e outras instituições extraterritoriais | E97: 9947.09 | J97: 15360.62 | M97: 382.97 | N97: 7385.67 | S97: 13046.16 | T97: 3373.62 | U97: 189.43 | V97: =SUM(D97:U97) -> 49685.56
A98: 2016 | B98: Mai | C98: A | D98: Agricultura, pecuária, prod. florestal, pesca e aqüicultura | E98: 1229933.1 | F98: 273.08 | G98: 519137.19 | H98: 13399.85 | I98: 24834507 | J98: 29122497 | K98: 600826.9 | L98: 5071313 | M98: 26623502 | N98: 6141712.5 | O98: 13071510 | P98: 72371.1 | Q98: 6697873.2 | S98: 39344000 | T98: 1208510.1 | U98: 2865250.3 | V98: =SUM(D98:U98) -> 1.5741662e+08
A99: 2016 | B99: Mai | C99: B | D99: Indústrias extrativas | E99: 31638862 | G99: 18281117 | I99: 54914681 | J99: 98596934 | K99: 1250014.5 | L99: 618628.7 | M99: 1.1933783e+08 | N99: 25175353 | O99: 35071354 | P99: 4453982.5 | Q99: 5899882.5 | S99: 1.5642677e+08 | T99: 2593934.6 | U99: 4.9574743e+08 | V99: =SUM(D99:U99) -> 1.0500068e+09
A100: 2016 | B100: Mai | C100: C | D100: Indústrias de transformação | E100: 1.5191329e+09 | F100: 695529.53 | G100: 2.7131006e+09 | H100: 9978.44 | I100: 8.1190281e+08 | J100: 1.8148141e+09 | K100: 24670782 | L100: 200109.53 | M100: 5.1436986e+09 | N100: 1.0988049e+09 | O100: 4.1634054e+08 | P100: 5.7231201e+08 | Q100: 5.4220555e+08 | R100: 1776.76 | S100: 1.775133e+09 | T100: 96073209 | U100: 1.3782235e+09 | V100: =SUM(D100:U100) -> 1.790732e+10
...

Sheet arrecadacao_total
A1: Ano | B1: Mês | C1: Receita
A2: 2016 | B2: Jan | C2: =SUMIFS('arrecadacao-cnae.csv'!V:V,'arrecadacao-cnae.csv'!A:A,A2,'arrecadacao-cnae.csv'!B:B,B2) -> 107656295463
A3: 2016 | B3: Fev | C3: =SUMIFS('arrecadacao-cnae.csv'!V:V,'arrecadacao-cnae.csv'!A:A,A3,'arrecadacao-cnae.csv'!B:B,B3) -> 65869818864
A4: 2016 | B4: Mar | C4: =SUMIFS('arrecadacao-cnae.csv'!V:V,'arrecadacao-cnae.csv'!A:A,A4,'arrecadacao-cnae.csv'!B:B,B4) -> 73329607179
A5: 2016 | B5: Abr | C5: =SUMIFS('arrecadacao-cnae.csv'!V:V,'arrecadacao-cnae.csv'!A:A,A5,'arrecadacao-cnae.csv'!B:B,B5) -> 89846835511
A6: 2016 | B6: Mai | C6: =SUMIFS('arrecadacao-cnae.csv'!V:V,'arrecadacao-cnae.csv'!A:A,A6,'arrecadacao-cnae.csv'!B:B,B6) -> 71866121668
A7: 2016 | B7: Jun | C7: =SUMIFS('arrecadacao-cnae.csv'!V:V,'arrecadacao-cnae.csv'!A:A,A7,'arrecadacao-cnae.csv'!B:B,B7) -> 74942546716
A8: 2016 | B8: Jul | C8: =SUMIFS('arrecadacao-cnae.csv'!V:V,'arrecadacao-cnae.csv'!A:A,A8,'arrecadacao-cnae.csv'!B:B,B8) -> 84324113669
A9: 2016 | B9: Ago | C9: =SUMIFS('arrecadacao-cnae.csv'!V:V,'arrecadacao-cnae.csv'!A:A,A9,'arrecadacao-cnae.csv'!B:B,B9) -> 68397503440
A10: 2016 | B10: Set | C10: =SUMIFS('arrecadacao-cnae.csv'!V:V,'arrecadacao-cnae.csv'!A:A,A10,'arrecadacao-cnae.csv'!B:B,B10) -> 72049585159
A11: 2016 | B11: Out | C11: =SUMIFS('arrecadacao-cnae.csv'!V:V,'arrecadacao-cnae.csv'!A:A,A11,'arrecadacao-cnae.csv'!B:B,B11) -> 125805386481
A12: 2016 | B12: Nov | C12: =SUMIFS('arrecadacao-cnae.csv'!V:V,'arrecadacao-cnae.csv'!A:A,A12,'arrecadacao-cnae.csv'!B:B,B12) -> 78465300932
A13: 2016 | B13: Dez | C13: =SUMIFS('arrecadacao-cnae.csv'!V:V,'arrecadacao-cnae.csv'!A:A,A13,'arrecadacao-cnae.csv'!B:B,B13) -> 86814973032
... A116: 2025 | B116: Jul | C116: =SUMIFS('arrecadacao-cnae.csv'!V:V,'arrecadacao-cnae.csv'!A:A,A116,'arrecadacao-cnae.csv'!B:B,B116) -> 252868605755
